{
    "loss": [
        3.3764336109161377,
        2.971756935119629,
        2.826378345489502,
        2.7612853050231934,
        2.759798288345337,
        2.7344255447387695,
        2.741037607192993,
        2.7209579944610596,
        2.7218902111053467,
        2.7250025272369385,
        2.7274701595306396,
        2.712517023086548,
        2.715393304824829,
        2.7191288471221924,
        2.7096128463745117,
        2.7119412422180176,
        2.706772804260254,
        2.7068605422973633,
        2.6991286277770996,
        2.6965153217315674,
        2.6993794441223145,
        2.695350408554077,
        2.7062082290649414,
        2.7056994438171387,
        2.702671527862549,
        2.698528289794922,
        2.7043020725250244,
        2.697732448577881,
        2.6972625255584717,
        2.6929585933685303,
        2.694211959838867,
        2.6924667358398438,
        2.6900746822357178,
        2.685575485229492,
        2.699509620666504,
        2.699460029602051,
        2.694606304168701,
        2.692135810852051,
        2.699892044067383,
        2.6945083141326904,
        2.6930153369903564,
        2.6884067058563232,
        2.6894702911376953
    ],
    "accuracy": [
        0.06666667014360428,
        0.07682539522647858,
        0.07682539522647858,
        0.08444444090127945,
        0.0736507922410965,
        0.07238095253705978,
        0.06857142597436905,
        0.07428571581840515,
        0.07873015850782394,
        0.06793650984764099,
        0.08190476149320602,
        0.07111111283302307,
        0.07301587611436844,
        0.06793650984764099,
        0.0692063495516777,
        0.07492063194513321,
        0.07999999821186066,
        0.07492063194513321,
        0.09714286029338837,
        0.09269841015338898,
        0.08380952477455139,
        0.08571428805589676,
        0.0736507922410965,
        0.0736507922410965,
        0.08761905133724213,
        0.0895238071680069,
        0.08380952477455139,
        0.08761905133724213,
        0.09587301313877106,
        0.0850793644785881,
        0.08571428805589676,
        0.08888889104127884,
        0.10412698239088058,
        0.10285714268684387,
        0.08380952477455139,
        0.08253968507051468,
        0.08698412775993347,
        0.0850793644785881,
        0.08888889104127884,
        0.08444444090127945,
        0.08317460119724274,
        0.09015873074531555,
        0.09460317343473434
    ],
    "val_loss": [
        2.7550718784332275,
        2.733919858932495,
        2.7251288890838623,
        2.7117621898651123,
        2.71231746673584,
        2.717820167541504,
        2.713761329650879,
        2.7126731872558594,
        2.7107081413269043,
        2.7116920948028564,
        2.7057604789733887,
        2.704057455062866,
        2.703786849975586,
        2.70670747756958,
        2.7095859050750732,
        2.711052417755127,
        2.7099883556365967,
        2.7043821811676025,
        2.7036468982696533,
        2.7032291889190674,
        2.702867031097412,
        2.7018518447875977,
        2.7041049003601074,
        2.704007625579834,
        2.71176815032959,
        2.7095837593078613,
        2.7071714401245117,
        2.70485782623291,
        2.7083868980407715,
        2.708516836166382,
        2.711613416671753,
        2.7149698734283447,
        2.715480327606201,
        2.717738151550293,
        2.7206408977508545,
        2.719475507736206,
        2.720172166824341,
        2.720595598220825,
        2.720848560333252,
        2.7209153175354004,
        2.7209665775299072,
        2.721277952194214,
        2.721550226211548
    ],
    "val_accuracy": [
        0.0385756678879261,
        0.04154302552342415,
        0.02373887225985527,
        0.04747774451971054,
        0.05044510215520859,
        0.029673591256141663,
        0.07418397814035416,
        0.09198813140392303,
        0.07418397814035416,
        0.07418397814035416,
        0.07418397814035416,
        0.0830860510468483,
        0.06528189778327942,
        0.10089020431041718,
        0.10089020431041718,
        0.09495548903942108,
        0.09495548903942108,
        0.10089020431041718,
        0.08605341613292694,
        0.09495548903942108,
        0.09198813140392303,
        0.10089020431041718,
        0.10089020431041718,
        0.10385756939649582,
        0.10089020431041718,
        0.09792284667491913,
        0.09792284667491913,
        0.10979228466749191,
        0.10385756939649582,
        0.09198813140392303,
        0.09792284667491913,
        0.09792284667491913,
        0.09792284667491913,
        0.10089020431041718,
        0.10089020431041718,
        0.09792284667491913,
        0.09495548903942108,
        0.09495548903942108,
        0.09495548903942108,
        0.09792284667491913,
        0.09792284667491913,
        0.10089020431041718,
        0.10089020431041718
    ],
    "epochs": 43,
    "timestamp": "2025-11-20T01:13:36.478248"
}